Start,Ende
2020-02-17,2020-02-21
2020-04-09,2020-04-17
2020-07-06,2020-08-14
2020-10-12,2020-10-23
2020-12-21,2020-12-31
2019-02-25,2019-03-01
2019-04-23,2019-04-30
2019-07-01,2019-08-09
2019-09-30,2019-10-12
2019-12-23,2020-01-06
2018-03-26,2018-04-06
2018-06-25,2018-08-03
2018-10-01,2018-10-12
2018-12-20,2019-01-04
2017-04-10,2017-04-21
2017-07-03,2017-08-11
2017-10-02,2017-10-13
2017-12-22,2018-01-09
2016-03-18,2016-04-01
2016-07-18,2016-08-26
2016-10-10,2016-10-21
2016-12-22,2017-01-06
2015-01-01,2015-01-07
2015-03-26,2015-04-10
2015-07-27,2015-09-04
2015-10-19,2015-10-30
2015-12-23,2016-01-08